{
    "/tmp": {
        "+~JF6383977821569198696.tmp": [
            162976, 
            "Wed Mar 23 08:56:33 2016"
        ], 
        ".X1024-lock": [
            11, 
            "Wed Mar 23 08:42:44 2016"
        ], 
        "+~JF3104839764184775599.tmp": [
            22416, 
            "Wed Mar 23 08:56:31 2016"
        ], 
        "+~JF6382212090673779004.tmp": [
            197644, 
            "Wed Mar 23 08:56:33 2016"
        ], 
        "+~JF3571634414178283619.tmp": [
            163624, 
            "Wed Mar 23 08:56:33 2016"
        ], 
        "log.txt": [
            1127, 
            "Wed Mar 23 12:35:01 2016"
        ], 
        "+~JF1967989517429355948.tmp": [
            197004, 
            "Wed Mar 23 08:56:33 2016"
        ]
    }, 
    ".": {
        "passwd.bak": [
            4436, 
            "Wed Mar 23 11:13:48 2016"
        ], 
        "psnl.py": [
            116, 
            "Wed Mar 23 11:08:46 2016"
        ], 
        "passwd": [
            4436, 
            "Wed Mar 23 11:14:58 2016"
        ], 
        "tmp.json": [
            698, 
            "Wed Mar 23 12:34:08 2016"
        ], 
        "pssed.py": [
            121, 
            "Wed Mar 23 11:14:51 2016"
        ], 
        "pslistdir.py": [
            1078, 
            "Wed Mar 23 12:35:22 2016"
        ]
    }
}